problem_title,url,status
2025 AIME I Problem 1,https://artofproblemsolving.com/wiki/index.php/2025_AIME_I_Problems/Problem_1,http_403
2025 AIME I Problem 2,https://artofproblemsolving.com/wiki/index.php/2025_AIME_I_Problems/Problem_2,http_403
2025 AIME I Problem 3,https://artofproblemsolving.com/wiki/index.php/2025_AIME_I_Problems/Problem_3,http_403
2025 AIME I Problem 4,https://artofproblemsolving.com/wiki/index.php/2025_AIME_I_Problems/Problem_4,http_403
2025 AIME I Problem 5,https://artofproblemsolving.com/wiki/index.php/2025_AIME_I_Problems/Problem_5,http_403
2025 AIME I Problem 6,https://artofproblemsolving.com/wiki/index.php/2025_AIME_I_Problems/Problem_6,http_403
2025 AIME I Problem 7,https://artofproblemsolving.com/wiki/index.php/2025_AIME_I_Problems/Problem_7,http_403
2025 AIME I Problem 8,https://artofproblemsolving.com/wiki/index.php/2025_AIME_I_Problems/Problem_8,http_403
2025 AIME I Problem 9,https://artofproblemsolving.com/wiki/index.php/2025_AIME_I_Problems/Problem_9,http_403
2025 AIME I Problem 10,https://artofproblemsolving.com/wiki/index.php/2025_AIME_I_Problems/Problem_10,http_403
2025 AIME I Problem 11,https://artofproblemsolving.com/wiki/index.php/2025_AIME_I_Problems/Problem_11,http_403
2025 AIME I Problem 12,https://artofproblemsolving.com/wiki/index.php/2025_AIME_I_Problems/Problem_12,http_403
2025 AIME I Problem 13,https://artofproblemsolving.com/wiki/index.php/2025_AIME_I_Problems/Problem_13,http_403
2025 AIME I Problem 14,https://artofproblemsolving.com/wiki/index.php/2025_AIME_I_Problems/Problem_14,http_403
2025 AIME I Problem 15,https://artofproblemsolving.com/wiki/index.php/2025_AIME_I_Problems/Problem_15,http_403
2015 AIME I Problem 1,https://artofproblemsolving.com/wiki/index.php/2015_AIME_I_Problems/Problem_1,http_403
2015 AIME I Problem 2,https://artofproblemsolving.com/wiki/index.php/2015_AIME_I_Problems/Problem_2,http_403
2015 AIME I Problem 3,https://artofproblemsolving.com/wiki/index.php/2015_AIME_I_Problems/Problem_3,http_403
2015 AIME I Problem 4,https://artofproblemsolving.com/wiki/index.php/2015_AIME_I_Problems/Problem_4,http_403
2015 AIME I Problem 5,https://artofproblemsolving.com/wiki/index.php/2015_AIME_I_Problems/Problem_5,http_403
2015 AIME I Problem 6,https://artofproblemsolving.com/wiki/index.php/2015_AIME_I_Problems/Problem_6,http_403
2015 AIME I Problem 7,https://artofproblemsolving.com/wiki/index.php/2015_AIME_I_Problems/Problem_7,http_403
2015 AIME I Problem 8,https://artofproblemsolving.com/wiki/index.php/2015_AIME_I_Problems/Problem_8,http_403
2015 AIME I Problem 9,https://artofproblemsolving.com/wiki/index.php/2015_AIME_I_Problems/Problem_9,http_403
2015 AIME I Problem 10,https://artofproblemsolving.com/wiki/index.php/2015_AIME_I_Problems/Problem_10,http_403
2015 AIME I Problem 11,https://artofproblemsolving.com/wiki/index.php/2015_AIME_I_Problems/Problem_11,http_403
2015 AIME I Problem 12,https://artofproblemsolving.com/wiki/index.php/2015_AIME_I_Problems/Problem_12,http_403
2015 AIME I Problem 13,https://artofproblemsolving.com/wiki/index.php/2015_AIME_I_Problems/Problem_13,http_403
2015 AIME I Problem 14,https://artofproblemsolving.com/wiki/index.php/2015_AIME_I_Problems/Problem_14,http_403
2015 AIME I Problem 15,https://artofproblemsolving.com/wiki/index.php/2015_AIME_I_Problems/Problem_15,http_403
2015 AIME II Problem 1,https://artofproblemsolving.com/wiki/index.php/2015_AIME_II_Problems/Problem_1,http_403
2015 AIME II Problem 2,https://artofproblemsolving.com/wiki/index.php/2015_AIME_II_Problems/Problem_2,http_403
2015 AIME II Problem 3,https://artofproblemsolving.com/wiki/index.php/2015_AIME_II_Problems/Problem_3,http_403
2015 AIME II Problem 4,https://artofproblemsolving.com/wiki/index.php/2015_AIME_II_Problems/Problem_4,http_403
2015 AIME II Problem 5,https://artofproblemsolving.com/wiki/index.php/2015_AIME_II_Problems/Problem_5,http_403
2015 AIME II Problem 6,https://artofproblemsolving.com/wiki/index.php/2015_AIME_II_Problems/Problem_6,http_403
2015 AIME II Problem 7,https://artofproblemsolving.com/wiki/index.php/2015_AIME_II_Problems/Problem_7,http_403
2015 AIME II Problem 8,https://artofproblemsolving.com/wiki/index.php/2015_AIME_II_Problems/Problem_8,http_403
2015 AIME II Problem 9,https://artofproblemsolving.com/wiki/index.php/2015_AIME_II_Problems/Problem_9,http_403
2015 AIME II Problem 10,https://artofproblemsolving.com/wiki/index.php/2015_AIME_II_Problems/Problem_10,http_403
2015 AIME II Problem 11,https://artofproblemsolving.com/wiki/index.php/2015_AIME_II_Problems/Problem_11,http_403
2015 AIME II Problem 12,https://artofproblemsolving.com/wiki/index.php/2015_AIME_II_Problems/Problem_12,http_403
2015 AIME II Problem 13,https://artofproblemsolving.com/wiki/index.php/2015_AIME_II_Problems/Problem_13,http_403
2015 AIME II Problem 14,https://artofproblemsolving.com/wiki/index.php/2015_AIME_II_Problems/Problem_14,http_403
2015 AIME II Problem 15,https://artofproblemsolving.com/wiki/index.php/2015_AIME_II_Problems/Problem_15,http_403
2016 AIME I Problem 1,https://artofproblemsolving.com/wiki/index.php/2016_AIME_I_Problems/Problem_1,http_403
2016 AIME I Problem 2,https://artofproblemsolving.com/wiki/index.php/2016_AIME_I_Problems/Problem_2,http_403
2016 AIME I Problem 3,https://artofproblemsolving.com/wiki/index.php/2016_AIME_I_Problems/Problem_3,http_403
2016 AIME I Problem 4,https://artofproblemsolving.com/wiki/index.php/2016_AIME_I_Problems/Problem_4,http_403
2016 AIME I Problem 5,https://artofproblemsolving.com/wiki/index.php/2016_AIME_I_Problems/Problem_5,http_403
2016 AIME I Problem 6,https://artofproblemsolving.com/wiki/index.php/2016_AIME_I_Problems/Problem_6,http_403
2016 AIME I Problem 7,https://artofproblemsolving.com/wiki/index.php/2016_AIME_I_Problems/Problem_7,http_403
2016 AIME I Problem 8,https://artofproblemsolving.com/wiki/index.php/2016_AIME_I_Problems/Problem_8,http_403
2016 AIME I Problem 9,https://artofproblemsolving.com/wiki/index.php/2016_AIME_I_Problems/Problem_9,http_403
2016 AIME I Problem 10,https://artofproblemsolving.com/wiki/index.php/2016_AIME_I_Problems/Problem_10,http_403
2016 AIME I Problem 11,https://artofproblemsolving.com/wiki/index.php/2016_AIME_I_Problems/Problem_11,http_403
2016 AIME I Problem 12,https://artofproblemsolving.com/wiki/index.php/2016_AIME_I_Problems/Problem_12,http_403
2016 AIME I Problem 13,https://artofproblemsolving.com/wiki/index.php/2016_AIME_I_Problems/Problem_13,http_403
2016 AIME I Problem 14,https://artofproblemsolving.com/wiki/index.php/2016_AIME_I_Problems/Problem_14,http_403
2016 AIME I Problem 15,https://artofproblemsolving.com/wiki/index.php/2016_AIME_I_Problems/Problem_15,http_403
2016 AIME II Problem 1,https://artofproblemsolving.com/wiki/index.php/2016_AIME_II_Problems/Problem_1,http_403
2016 AIME II Problem 2,https://artofproblemsolving.com/wiki/index.php/2016_AIME_II_Problems/Problem_2,http_403
2016 AIME II Problem 3,https://artofproblemsolving.com/wiki/index.php/2016_AIME_II_Problems/Problem_3,http_403
2016 AIME II Problem 4,https://artofproblemsolving.com/wiki/index.php/2016_AIME_II_Problems/Problem_4,http_403
2016 AIME II Problem 5,https://artofproblemsolving.com/wiki/index.php/2016_AIME_II_Problems/Problem_5,http_403
2016 AIME II Problem 6,https://artofproblemsolving.com/wiki/index.php/2016_AIME_II_Problems/Problem_6,http_403
2016 AIME II Problem 7,https://artofproblemsolving.com/wiki/index.php/2016_AIME_II_Problems/Problem_7,http_403
2016 AIME II Problem 8,https://artofproblemsolving.com/wiki/index.php/2016_AIME_II_Problems/Problem_8,http_403
2016 AIME II Problem 9,https://artofproblemsolving.com/wiki/index.php/2016_AIME_II_Problems/Problem_9,http_403
2016 AIME II Problem 10,https://artofproblemsolving.com/wiki/index.php/2016_AIME_II_Problems/Problem_10,http_403
2016 AIME II Problem 11,https://artofproblemsolving.com/wiki/index.php/2016_AIME_II_Problems/Problem_11,http_403
2016 AIME II Problem 12,https://artofproblemsolving.com/wiki/index.php/2016_AIME_II_Problems/Problem_12,http_403
2016 AIME II Problem 13,https://artofproblemsolving.com/wiki/index.php/2016_AIME_II_Problems/Problem_13,http_403
2016 AIME II Problem 14,https://artofproblemsolving.com/wiki/index.php/2016_AIME_II_Problems/Problem_14,http_403
2016 AIME II Problem 15,https://artofproblemsolving.com/wiki/index.php/2016_AIME_II_Problems/Problem_15,http_403
2017 AIME I Problem 1,https://artofproblemsolving.com/wiki/index.php/2017_AIME_I_Problems/Problem_1,http_403
2017 AIME I Problem 2,https://artofproblemsolving.com/wiki/index.php/2017_AIME_I_Problems/Problem_2,http_403
2017 AIME I Problem 3,https://artofproblemsolving.com/wiki/index.php/2017_AIME_I_Problems/Problem_3,http_403
2017 AIME I Problem 4,https://artofproblemsolving.com/wiki/index.php/2017_AIME_I_Problems/Problem_4,http_403
2017 AIME I Problem 5,https://artofproblemsolving.com/wiki/index.php/2017_AIME_I_Problems/Problem_5,http_403
2017 AIME I Problem 6,https://artofproblemsolving.com/wiki/index.php/2017_AIME_I_Problems/Problem_6,http_403
2017 AIME I Problem 7,https://artofproblemsolving.com/wiki/index.php/2017_AIME_I_Problems/Problem_7,http_403
2017 AIME I Problem 8,https://artofproblemsolving.com/wiki/index.php/2017_AIME_I_Problems/Problem_8,http_403
2017 AIME I Problem 9,https://artofproblemsolving.com/wiki/index.php/2017_AIME_I_Problems/Problem_9,http_403
2017 AIME I Problem 10,https://artofproblemsolving.com/wiki/index.php/2017_AIME_I_Problems/Problem_10,http_403
2017 AIME I Problem 11,https://artofproblemsolving.com/wiki/index.php/2017_AIME_I_Problems/Problem_11,http_403
2017 AIME I Problem 12,https://artofproblemsolving.com/wiki/index.php/2017_AIME_I_Problems/Problem_12,http_403
2017 AIME I Problem 13,https://artofproblemsolving.com/wiki/index.php/2017_AIME_I_Problems/Problem_13,http_403
2017 AIME I Problem 14,https://artofproblemsolving.com/wiki/index.php/2017_AIME_I_Problems/Problem_14,http_403
2017 AIME I Problem 15,https://artofproblemsolving.com/wiki/index.php/2017_AIME_I_Problems/Problem_15,http_403
2017 AIME II Problem 1,https://artofproblemsolving.com/wiki/index.php/2017_AIME_II_Problems/Problem_1,http_403
2017 AIME II Problem 2,https://artofproblemsolving.com/wiki/index.php/2017_AIME_II_Problems/Problem_2,http_403
2017 AIME II Problem 3,https://artofproblemsolving.com/wiki/index.php/2017_AIME_II_Problems/Problem_3,http_403
2017 AIME II Problem 4,https://artofproblemsolving.com/wiki/index.php/2017_AIME_II_Problems/Problem_4,http_403
2017 AIME II Problem 5,https://artofproblemsolving.com/wiki/index.php/2017_AIME_II_Problems/Problem_5,http_403
2017 AIME II Problem 6,https://artofproblemsolving.com/wiki/index.php/2017_AIME_II_Problems/Problem_6,http_403
2017 AIME II Problem 7,https://artofproblemsolving.com/wiki/index.php/2017_AIME_II_Problems/Problem_7,http_403
2017 AIME II Problem 8,https://artofproblemsolving.com/wiki/index.php/2017_AIME_II_Problems/Problem_8,http_403
2017 AIME II Problem 9,https://artofproblemsolving.com/wiki/index.php/2017_AIME_II_Problems/Problem_9,http_403
2017 AIME II Problem 10,https://artofproblemsolving.com/wiki/index.php/2017_AIME_II_Problems/Problem_10,http_403
2017 AIME II Problem 11,https://artofproblemsolving.com/wiki/index.php/2017_AIME_II_Problems/Problem_11,http_403
2017 AIME II Problem 12,https://artofproblemsolving.com/wiki/index.php/2017_AIME_II_Problems/Problem_12,http_403
2017 AIME II Problem 13,https://artofproblemsolving.com/wiki/index.php/2017_AIME_II_Problems/Problem_13,http_403
2017 AIME II Problem 14,https://artofproblemsolving.com/wiki/index.php/2017_AIME_II_Problems/Problem_14,http_403
2017 AIME II Problem 15,https://artofproblemsolving.com/wiki/index.php/2017_AIME_II_Problems/Problem_15,http_403
2018 AIME I Problem 1,https://artofproblemsolving.com/wiki/index.php/2018_AIME_I_Problems/Problem_1,http_403
2018 AIME I Problem 2,https://artofproblemsolving.com/wiki/index.php/2018_AIME_I_Problems/Problem_2,http_403
2018 AIME I Problem 3,https://artofproblemsolving.com/wiki/index.php/2018_AIME_I_Problems/Problem_3,http_403
2018 AIME I Problem 4,https://artofproblemsolving.com/wiki/index.php/2018_AIME_I_Problems/Problem_4,http_403
2018 AIME I Problem 5,https://artofproblemsolving.com/wiki/index.php/2018_AIME_I_Problems/Problem_5,http_403
2018 AIME I Problem 6,https://artofproblemsolving.com/wiki/index.php/2018_AIME_I_Problems/Problem_6,http_403
2018 AIME I Problem 7,https://artofproblemsolving.com/wiki/index.php/2018_AIME_I_Problems/Problem_7,http_403
2018 AIME I Problem 8,https://artofproblemsolving.com/wiki/index.php/2018_AIME_I_Problems/Problem_8,http_403
2018 AIME I Problem 9,https://artofproblemsolving.com/wiki/index.php/2018_AIME_I_Problems/Problem_9,http_403
2018 AIME I Problem 10,https://artofproblemsolving.com/wiki/index.php/2018_AIME_I_Problems/Problem_10,http_403
2018 AIME I Problem 11,https://artofproblemsolving.com/wiki/index.php/2018_AIME_I_Problems/Problem_11,http_403
2018 AIME I Problem 12,https://artofproblemsolving.com/wiki/index.php/2018_AIME_I_Problems/Problem_12,http_403
2018 AIME I Problem 13,https://artofproblemsolving.com/wiki/index.php/2018_AIME_I_Problems/Problem_13,http_403
2018 AIME I Problem 14,https://artofproblemsolving.com/wiki/index.php/2018_AIME_I_Problems/Problem_14,http_403
2018 AIME I Problem 15,https://artofproblemsolving.com/wiki/index.php/2018_AIME_I_Problems/Problem_15,http_403
2018 AIME II Problem 1,https://artofproblemsolving.com/wiki/index.php/2018_AIME_II_Problems/Problem_1,http_403
2018 AIME II Problem 2,https://artofproblemsolving.com/wiki/index.php/2018_AIME_II_Problems/Problem_2,http_403
2018 AIME II Problem 3,https://artofproblemsolving.com/wiki/index.php/2018_AIME_II_Problems/Problem_3,http_403
2018 AIME II Problem 4,https://artofproblemsolving.com/wiki/index.php/2018_AIME_II_Problems/Problem_4,http_403
2018 AIME II Problem 5,https://artofproblemsolving.com/wiki/index.php/2018_AIME_II_Problems/Problem_5,http_403
2018 AIME II Problem 6,https://artofproblemsolving.com/wiki/index.php/2018_AIME_II_Problems/Problem_6,http_403
2018 AIME II Problem 7,https://artofproblemsolving.com/wiki/index.php/2018_AIME_II_Problems/Problem_7,http_403
2018 AIME II Problem 8,https://artofproblemsolving.com/wiki/index.php/2018_AIME_II_Problems/Problem_8,http_403
2018 AIME II Problem 9,https://artofproblemsolving.com/wiki/index.php/2018_AIME_II_Problems/Problem_9,http_403
2018 AIME II Problem 10,https://artofproblemsolving.com/wiki/index.php/2018_AIME_II_Problems/Problem_10,http_403
2018 AIME II Problem 11,https://artofproblemsolving.com/wiki/index.php/2018_AIME_II_Problems/Problem_11,http_403
2018 AIME II Problem 12,https://artofproblemsolving.com/wiki/index.php/2018_AIME_II_Problems/Problem_12,http_403
2018 AIME II Problem 13,https://artofproblemsolving.com/wiki/index.php/2018_AIME_II_Problems/Problem_13,http_403
2018 AIME II Problem 14,https://artofproblemsolving.com/wiki/index.php/2018_AIME_II_Problems/Problem_14,http_403
2018 AIME II Problem 15,https://artofproblemsolving.com/wiki/index.php/2018_AIME_II_Problems/Problem_15,http_403
2019 AIME I Problem 1,https://artofproblemsolving.com/wiki/index.php/2019_AIME_I_Problems/Problem_1,http_403
2019 AIME I Problem 2,https://artofproblemsolving.com/wiki/index.php/2019_AIME_I_Problems/Problem_2,http_403
2019 AIME I Problem 3,https://artofproblemsolving.com/wiki/index.php/2019_AIME_I_Problems/Problem_3,http_403
2019 AIME I Problem 4,https://artofproblemsolving.com/wiki/index.php/2019_AIME_I_Problems/Problem_4,http_403
2019 AIME I Problem 5,https://artofproblemsolving.com/wiki/index.php/2019_AIME_I_Problems/Problem_5,http_403
2019 AIME I Problem 6,https://artofproblemsolving.com/wiki/index.php/2019_AIME_I_Problems/Problem_6,http_403
2019 AIME I Problem 7,https://artofproblemsolving.com/wiki/index.php/2019_AIME_I_Problems/Problem_7,http_403
2019 AIME I Problem 8,https://artofproblemsolving.com/wiki/index.php/2019_AIME_I_Problems/Problem_8,http_403
2019 AIME I Problem 9,https://artofproblemsolving.com/wiki/index.php/2019_AIME_I_Problems/Problem_9,http_403
2019 AIME I Problem 10,https://artofproblemsolving.com/wiki/index.php/2019_AIME_I_Problems/Problem_10,http_403
2019 AIME I Problem 11,https://artofproblemsolving.com/wiki/index.php/2019_AIME_I_Problems/Problem_11,http_403
2019 AIME I Problem 12,https://artofproblemsolving.com/wiki/index.php/2019_AIME_I_Problems/Problem_12,http_403
2019 AIME I Problem 13,https://artofproblemsolving.com/wiki/index.php/2019_AIME_I_Problems/Problem_13,http_403
2019 AIME I Problem 14,https://artofproblemsolving.com/wiki/index.php/2019_AIME_I_Problems/Problem_14,http_403
2019 AIME I Problem 15,https://artofproblemsolving.com/wiki/index.php/2019_AIME_I_Problems/Problem_15,http_403
2019 AIME II Problem 1,https://artofproblemsolving.com/wiki/index.php/2019_AIME_II_Problems/Problem_1,http_403
2019 AIME II Problem 2,https://artofproblemsolving.com/wiki/index.php/2019_AIME_II_Problems/Problem_2,http_403
2019 AIME II Problem 3,https://artofproblemsolving.com/wiki/index.php/2019_AIME_II_Problems/Problem_3,http_403
2019 AIME II Problem 4,https://artofproblemsolving.com/wiki/index.php/2019_AIME_II_Problems/Problem_4,http_403
2019 AIME II Problem 5,https://artofproblemsolving.com/wiki/index.php/2019_AIME_II_Problems/Problem_5,http_403
2019 AIME II Problem 6,https://artofproblemsolving.com/wiki/index.php/2019_AIME_II_Problems/Problem_6,http_403
2019 AIME II Problem 7,https://artofproblemsolving.com/wiki/index.php/2019_AIME_II_Problems/Problem_7,http_403
2019 AIME II Problem 8,https://artofproblemsolving.com/wiki/index.php/2019_AIME_II_Problems/Problem_8,http_403
